--------------------------------------------------------
--  File created - Wednesday-November-03-2021   
--------------------------------------------------------
DROP TABLE "LOAN_APPROVAL"."FUNCTION";
DROP TABLE "LOAN_APPROVAL"."EMPLOYEE_DETAILS";
DROP TABLE "LOAN_APPROVAL"."MENU";
DROP TABLE "LOAN_APPROVAL"."ROLE";
DROP TABLE "LOAN_APPROVAL"."ROLE_FUNCTION";
DROP TABLE "LOAN_APPROVAL"."ROLE_MENU";
--------------------------------------------------------
--  DDL for Table FUNCTION
--------------------------------------------------------

  CREATE TABLE "LOAN_APPROVAL"."FUNCTION" 
   (	"ID" NUMBER(19,0), 
	"CODE" VARCHAR2(50 CHAR), 
	"DESCRIPTION" VARCHAR2(200 CHAR), 
	"MENU" VARCHAR2(200 CHAR), 
	"PARENT_FUNCTION_ID" NUMBER(19,0), 
	"MENU_ID" NUMBER(19,0), 
	"URL" VARCHAR2(200 CHAR), 
	"MODULE_ID" NUMBER(19,0), 
	"ORDERNO" NUMBER(10,0)
   ) SEGMENT CREATION IMMEDIATE 
  PCTFREE 10 PCTUSED 40 INITRANS 1 MAXTRANS 255 NOCOMPRESS LOGGING
  STORAGE(INITIAL 65536 NEXT 1048576 MINEXTENTS 1 MAXEXTENTS 2147483645
  PCTINCREASE 0 FREELISTS 1 FREELIST GROUPS 1 BUFFER_POOL DEFAULT FLASH_CACHE DEFAULT CELL_FLASH_CACHE DEFAULT)
  TABLESPACE "SYSTEM" ;
--------------------------------------------------------
--  DDL for Table EMPLOYEE_DETAILS
--------------------------------------------------------

  CREATE TABLE "LOAN_APPROVAL"."EMPLOYEE_DETAILS" 
   (	"EMP_ID" NUMBER(19,0), 
	"CREATED_BY" VARCHAR2(32 CHAR), 
	"CREATED_DATE" TIMESTAMP (6), 
	"LAST_CHANGED_BY" VARCHAR2(32 CHAR), 
	"LAST_CHANGED_DATE" TIMESTAMP (6), 
	"EMAIL" VARCHAR2(200 CHAR), 
	"EMP_HRMS_ID" VARCHAR2(200 CHAR), 
	"IS_ACTIVE_FLAG" NUMBER(1,0), 
	"MOBILE_NUMBER" NUMBER(19,0), 
	"EMP_NAME" VARCHAR2(200 CHAR), 
	"EMP_PASSWORD" VARCHAR2(50 CHAR), 
	"ROLE_ID" NUMBER(19,0), 
	"PERSONAL_EMAIL_ID" VARCHAR2(50 CHAR), 
	"EMPLOYEE_TYPE" VARCHAR2(10 BYTE)
   ) SEGMENT CREATION IMMEDIATE 
  PCTFREE 10 PCTUSED 40 INITRANS 1 MAXTRANS 255 NOCOMPRESS LOGGING
  STORAGE(INITIAL 65536 NEXT 1048576 MINEXTENTS 1 MAXEXTENTS 2147483645
  PCTINCREASE 0 FREELISTS 1 FREELIST GROUPS 1 BUFFER_POOL DEFAULT FLASH_CACHE DEFAULT CELL_FLASH_CACHE DEFAULT)
  TABLESPACE "SYSTEM" ;
--------------------------------------------------------
--  DDL for Table MENU
--------------------------------------------------------

  CREATE TABLE "LOAN_APPROVAL"."MENU" 
   (	"ID" NUMBER(19,0), 
	"MENU_NAME" VARCHAR2(200 CHAR), 
	"CREATED_BY" VARCHAR2(32 CHAR), 
	"CREATED_DATE" TIMESTAMP (6), 
	"LAST_CHANGED_BY" VARCHAR2(32 CHAR), 
	"LAST_CHANGED_DATE" TIMESTAMP (6), 
	"PORTAL_TYPE" VARCHAR2(20 CHAR), 
	"ORDERNO" NUMBER(10,0)
   ) SEGMENT CREATION IMMEDIATE 
  PCTFREE 10 PCTUSED 40 INITRANS 1 MAXTRANS 255 NOCOMPRESS LOGGING
  STORAGE(INITIAL 65536 NEXT 1048576 MINEXTENTS 1 MAXEXTENTS 2147483645
  PCTINCREASE 0 FREELISTS 1 FREELIST GROUPS 1 BUFFER_POOL DEFAULT FLASH_CACHE DEFAULT CELL_FLASH_CACHE DEFAULT)
  TABLESPACE "SYSTEM" ;
--------------------------------------------------------
--  DDL for Table ROLE
--------------------------------------------------------

  CREATE TABLE "LOAN_APPROVAL"."ROLE" 
   (	"ID" NUMBER(19,0), 
	"CREATED_BY" VARCHAR2(32 CHAR), 
	"CREATED_DATE" TIMESTAMP (6), 
	"LAST_CHANGED_BY" VARCHAR2(32 CHAR), 
	"LAST_CHANGED_DATE" TIMESTAMP (6), 
	"DESCRIPTION" VARCHAR2(100 CHAR), 
	"NAME" VARCHAR2(200 CHAR)
   ) SEGMENT CREATION IMMEDIATE 
  PCTFREE 10 PCTUSED 40 INITRANS 1 MAXTRANS 255 NOCOMPRESS LOGGING
  STORAGE(INITIAL 65536 NEXT 1048576 MINEXTENTS 1 MAXEXTENTS 2147483645
  PCTINCREASE 0 FREELISTS 1 FREELIST GROUPS 1 BUFFER_POOL DEFAULT FLASH_CACHE DEFAULT CELL_FLASH_CACHE DEFAULT)
  TABLESPACE "SYSTEM" ;
--------------------------------------------------------
--  DDL for Table ROLE_FUNCTION
--------------------------------------------------------

  CREATE TABLE "LOAN_APPROVAL"."ROLE_FUNCTION" 
   (	"ID" NUMBER(19,0), 
	"ADD_Y_N" NUMBER(1,0), 
	"DELETE_Y_N" NUMBER(1,0), 
	"EDIT_Y_N" NUMBER(1,0), 
	"FUNCTION_ID" NUMBER(19,0), 
	"ROLE_ID" NUMBER(19,0), 
	"MENU_ID" NUMBER(19,0), 
	"CAN_SEARCH" NUMBER(1,0), 
	"CAN_PRINT" NUMBER(1,0), 
	"CAN_ADJUST_VOUCHER_POSTING" NUMBER(1,0), 
	"CAN_EXPORT" NUMBER(1,0)
   ) SEGMENT CREATION IMMEDIATE 
  PCTFREE 10 PCTUSED 40 INITRANS 1 MAXTRANS 255 NOCOMPRESS LOGGING
  STORAGE(INITIAL 65536 NEXT 1048576 MINEXTENTS 1 MAXEXTENTS 2147483645
  PCTINCREASE 0 FREELISTS 1 FREELIST GROUPS 1 BUFFER_POOL DEFAULT FLASH_CACHE DEFAULT CELL_FLASH_CACHE DEFAULT)
  TABLESPACE "SYSTEM" ;
--------------------------------------------------------
--  DDL for Table ROLE_MENU
--------------------------------------------------------

  CREATE TABLE "LOAN_APPROVAL"."ROLE_MENU" 
   (	"ROLE_ID" NUMBER(19,0), 
	"MENU_ID" NUMBER(19,0)
   ) SEGMENT CREATION IMMEDIATE 
  PCTFREE 10 PCTUSED 40 INITRANS 1 MAXTRANS 255 NOCOMPRESS LOGGING
  STORAGE(INITIAL 65536 NEXT 1048576 MINEXTENTS 1 MAXEXTENTS 2147483645
  PCTINCREASE 0 FREELISTS 1 FREELIST GROUPS 1 BUFFER_POOL DEFAULT FLASH_CACHE DEFAULT CELL_FLASH_CACHE DEFAULT)
  TABLESPACE "SYSTEM" ;
REM INSERTING into LOAN_APPROVAL.FUNCTION
SET DEFINE OFF;
Insert into LOAN_APPROVAL.FUNCTION (ID,CODE,DESCRIPTION,MENU,PARENT_FUNCTION_ID,MENU_ID,URL,MODULE_ID,ORDERNO) values (1,'Customers','Customers','Customers',null,1,'home',2,1);
Insert into LOAN_APPROVAL.FUNCTION (ID,CODE,DESCRIPTION,MENU,PARENT_FUNCTION_ID,MENU_ID,URL,MODULE_ID,ORDERNO) values (2,'Customers2','Customers2','Customers',null,1,'home',2,2);
REM INSERTING into LOAN_APPROVAL.EMPLOYEE_DETAILS
SET DEFINE OFF;
Insert into LOAN_APPROVAL.EMPLOYEE_DETAILS (EMP_ID,CREATED_BY,CREATED_DATE,LAST_CHANGED_BY,LAST_CHANGED_DATE,EMAIL,EMP_HRMS_ID,IS_ACTIVE_FLAG,MOBILE_NUMBER,EMP_NAME,EMP_PASSWORD,ROLE_ID,PERSONAL_EMAIL_ID,EMPLOYEE_TYPE) values (44,'190',to_timestamp('24-07-19 03:40:21.363000000 PM','DD-MM-RR HH12:MI:SSXFF AM'),'61',to_timestamp('10-07-20 03:38:25.860000000 PM','DD-MM-RR HH12:MI:SSXFF AM'),'venkata.prasad@inubesolutions.com','admin',1,90364999691,'Admin','oe@123',1,'venkata.prasad@inubesolutions.com','MAST');
Insert into LOAN_APPROVAL.EMPLOYEE_DETAILS (EMP_ID,CREATED_BY,CREATED_DATE,LAST_CHANGED_BY,LAST_CHANGED_DATE,EMAIL,EMP_HRMS_ID,IS_ACTIVE_FLAG,MOBILE_NUMBER,EMP_NAME,EMP_PASSWORD,ROLE_ID,PERSONAL_EMAIL_ID,EMPLOYEE_TYPE) values (1,'190',to_timestamp('09-03-18 11:27:32.105000000 AM','DD-MM-RR HH12:MI:SSXFF AM'),'110',to_timestamp('14-08-19 12:17:01.945000000 PM','DD-MM-RR HH12:MI:SSXFF AM'),null,'phani',1,null,'Phani','pass123',2,'satyamurthy@satyamurthy.com','CUST');
Insert into LOAN_APPROVAL.EMPLOYEE_DETAILS (EMP_ID,CREATED_BY,CREATED_DATE,LAST_CHANGED_BY,LAST_CHANGED_DATE,EMAIL,EMP_HRMS_ID,IS_ACTIVE_FLAG,MOBILE_NUMBER,EMP_NAME,EMP_PASSWORD,ROLE_ID,PERSONAL_EMAIL_ID,EMPLOYEE_TYPE) values (2,'190',to_timestamp('11-09-18 11:00:34.376000000 AM','DD-MM-RR HH12:MI:SSXFF AM'),'110',to_timestamp('14-08-19 12:16:46.181000000 PM','DD-MM-RR HH12:MI:SSXFF AM'),null,'sudhakar',1,null,'Sudhakar','pass123',3,'satheesha@gmail.com','AGENT');
REM INSERTING into LOAN_APPROVAL.MENU
SET DEFINE OFF;
Insert into LOAN_APPROVAL.MENU (ID,MENU_NAME,CREATED_BY,CREATED_DATE,LAST_CHANGED_BY,LAST_CHANGED_DATE,PORTAL_TYPE,ORDERNO) values (2,'Agent Details','19',to_timestamp('07-07-18 03:18:26.000000000 PM','DD-MM-RR HH12:MI:SSXFF AM'),'19',to_timestamp('07-07-18 03:18:26.000000000 PM','DD-MM-RR HH12:MI:SSXFF AM'),'OE',2);
Insert into LOAN_APPROVAL.MENU (ID,MENU_NAME,CREATED_BY,CREATED_DATE,LAST_CHANGED_BY,LAST_CHANGED_DATE,PORTAL_TYPE,ORDERNO) values (1,'Customer Details','19',to_timestamp('07-07-18 03:18:26.000000000 PM','DD-MM-RR HH12:MI:SSXFF AM'),'19',to_timestamp('07-07-18 03:18:26.000000000 PM','DD-MM-RR HH12:MI:SSXFF AM'),'OE',1);
REM INSERTING into LOAN_APPROVAL.ROLE
SET DEFINE OFF;
Insert into LOAN_APPROVAL.ROLE (ID,CREATED_BY,CREATED_DATE,LAST_CHANGED_BY,LAST_CHANGED_DATE,DESCRIPTION,NAME) values (1,'admin',to_timestamp('18-07-16 11:04:59.625000000 AM','DD-MM-RR HH12:MI:SSXFF AM'),'61',to_timestamp('03-02-21 06:15:02.663000000 PM','DD-MM-RR HH12:MI:SSXFF AM'),null,'ADMIN');
Insert into LOAN_APPROVAL.ROLE (ID,CREATED_BY,CREATED_DATE,LAST_CHANGED_BY,LAST_CHANGED_DATE,DESCRIPTION,NAME) values (2,'61',to_timestamp('25-02-20 06:32:43.611000000 PM','DD-MM-RR HH12:MI:SSXFF AM'),'61',to_timestamp('25-02-20 06:32:43.611000000 PM','DD-MM-RR HH12:MI:SSXFF AM'),'Agent Manager','AM');
Insert into LOAN_APPROVAL.ROLE (ID,CREATED_BY,CREATED_DATE,LAST_CHANGED_BY,LAST_CHANGED_DATE,DESCRIPTION,NAME) values (3,'61',to_timestamp('02-03-20 06:10:51.259000000 PM','DD-MM-RR HH12:MI:SSXFF AM'),'61',to_timestamp('02-03-20 06:10:51.259000000 PM','DD-MM-RR HH12:MI:SSXFF AM'),'Customer','CU');
REM INSERTING into LOAN_APPROVAL.ROLE_FUNCTION
SET DEFINE OFF;
Insert into LOAN_APPROVAL.ROLE_FUNCTION (ID,ADD_Y_N,DELETE_Y_N,EDIT_Y_N,FUNCTION_ID,ROLE_ID,MENU_ID,CAN_SEARCH,CAN_PRINT,CAN_ADJUST_VOUCHER_POSTING,CAN_EXPORT) values (1,1,0,1,1,2,1,1,1,1,1);
Insert into LOAN_APPROVAL.ROLE_FUNCTION (ID,ADD_Y_N,DELETE_Y_N,EDIT_Y_N,FUNCTION_ID,ROLE_ID,MENU_ID,CAN_SEARCH,CAN_PRINT,CAN_ADJUST_VOUCHER_POSTING,CAN_EXPORT) values (2,1,0,1,2,2,1,1,1,1,1);
REM INSERTING into LOAN_APPROVAL.ROLE_MENU
SET DEFINE OFF;
Insert into LOAN_APPROVAL.ROLE_MENU (ROLE_ID,MENU_ID) values (3,1);
Insert into LOAN_APPROVAL.ROLE_MENU (ROLE_ID,MENU_ID) values (1,1);
Insert into LOAN_APPROVAL.ROLE_MENU (ROLE_ID,MENU_ID) values (1,2);
Insert into LOAN_APPROVAL.ROLE_MENU (ROLE_ID,MENU_ID) values (2,1);
